"AGC","AGCnc","AGCp"
NA,0.113033866214368,0.0485802888870239
0.113033866214368,NA,0.00551142233634372
0.0485802888870239,0.00551142233634372,NA
