"AGC","AGCnc","AGCp"
1,0.411764705882353,0.5
0.411764705882353,1,0.658823529411765
0.5,0.658823529411765,1
